{"entities":{"pages":{"UIS-ITS":{"id":"UIS-ITS","title":"UIS ITS","url":"uis-its.html","level":0,"tabIndex":0},"Application-Development-and-DB-support":{"id":"Application-Development-and-DB-support","title":"Application Development and DB support (ADDS)","url":"application-development-and-db-support.html","level":0,"pages":["Application-Development","Database-Support"],"tabIndex":1},"Application-Development":{"id":"Application-Development","title":"Application Development","url":"application-development.html","level":1,"parentId":"Application-Development-and-DB-support","tabIndex":0},"Database-Support":{"id":"Database-Support","title":"Database Support","url":"database-support.html","level":1,"parentId":"Application-Development-and-DB-support","tabIndex":1}}},"topLevelIds":["UIS-ITS","Application-Development-and-DB-support"]}