{"entities":{"pages":{"UIS-ITS":{"id":"UIS-ITS","title":"UIS ITS","url":"uis-its.html","level":0,"tabIndex":0},"Application-Development-and-DB-support":{"id":"Application-Development-and-DB-support","title":"Application Development and DB support (ADDS)","url":"application-development-and-db-support.html","level":0,"pages":["Application-Development","Database-Support"],"tabIndex":1},"Application-Development":{"id":"Application-Development","title":"Application Development","url":"application-development.html","level":1,"parentId":"Application-Development-and-DB-support","pages":["Development-Lifecycle","Environments","Setup"],"tabIndex":0},"Development-Lifecycle":{"id":"Development-Lifecycle","title":"Development Lifecycle","url":"development-lifecycle.html","level":2,"parentId":"Application-Development","tabIndex":0},"Environments":{"id":"Environments","title":"Environments","url":"environments.html","level":2,"parentId":"Application-Development","tabIndex":1},"Setup":{"id":"Setup","title":"Setup","url":"setup.html","level":2,"parentId":"Application-Development","tabIndex":2},"Database-Support":{"id":"Database-Support","title":"Database Support","url":"database-support.html","level":1,"parentId":"Application-Development-and-DB-support","tabIndex":1}}},"topLevelIds":["UIS-ITS","Application-Development-and-DB-support"]}